horse_id	race_id	日付	開催	天気	R	レース名	枠番	馬番	オッズ	人気	騎手	斤量	距離	馬場	馬体重	着順	前走着順	前々走着順	pred	馬名
2022102499	202406050801	2024/12/22	中山	晴	1.0	2歳未勝利	1.0	1	213.4	13.0	松岡正海	55.0	ダ1200	良	472(+2)	10	11		0.0053925376463116	フジルバーブ
2022102542	202406050801	2024/12/22	中山	晴	1.0	2歳未勝利	1.0	2	106.9	11.0	石橋脩	55.0	ダ1200	良	474(+2)	14	5	8	0.0105274151422339	アルデココ
2022100627	202406050801	2024/12/22	中山	晴	1.0	2歳未勝利	2.0	3	4.2	3.0	坂井瑠星	55.0	ダ1200	良	536(0)	2	3		0.1459591560055663	カウスリップ
2022100325	202406050801	2024/12/22	中山	晴	1.0	2歳未勝利	2.0	4	95.1	9.0	武藤雅	56.0	ダ1200	良	472(+8)	12	11	5	0.0099555383756699	ハクサンミラクル
2022102442	202406050801	2024/12/22	中山	晴	1.0	2歳未勝利	3.0	5	251.4	14.0	長浜鴻緒	52.0	ダ1200	良	434(-22)	15	10	10	0.005548974420427	クリスタルテン
2022106686	202406050801	2024/12/22	中山	晴	1.0	2歳未勝利	3.0	6	3.0	2.0	Ｃ．デム	55.0	ダ1200	良	440(+4)	3	2		0.249250485728909	スターランウェイ
2022100399	202406050801	2024/12/22	中山	晴	1.0	2歳未勝利	4.0	7	71.8	7.0	池添謙一	55.0	ダ1200	良	440(0)	9	13	11	0.0111872947998847	セイウングレイ
2022101137	202406050801	2024/12/22	中山	晴	1.0	2歳未勝利	4.0	8	138.8	12.0	小林脩斗	54.0	ダ1200	良	470(+4)	7	10		0.0093492102516685	タイセイアダマス
2022100958	202406050801	2024/12/22	中山	晴	1.0	2歳未勝利	5.0	9	424.2	16.0	佐藤翔馬	52.0	ダ1200	良	440(-2)	4	15	6	0.0053925376463116	マミーブルー
2022102811	202406050801	2024/12/22	中山	晴	1.0	2歳未勝利	5.0	10	33.1	4.0	嶋田純次	55.0	ダ1200	良	432(+8)	13	9	4	0.0190576371760253	ハイタッチマドンナ
2022106654	202406050801	2024/12/22	中山	晴	1.0	2歳未勝利	6.0	11	57.2	6.0	鮫島克駿	55.0	ダ1200	良	446(-4)	11	9	11	0.0175353694452222	ラブリーウィザード
2022102695	202406050801	2024/12/22	中山	晴	1.0	2歳未勝利	6.0	12	90.4	8.0	木幡巧也	56.0	ダ1200	良	522(+2)	6	10	12	0.0104921788753128	ミラクルミッキー
2022107292	202406050801	2024/12/22	中山	晴	1.0	2歳未勝利	7.0	13	95.8	10.0	内田博幸	56.0	ダ1200	良	468(+2)	8	16	12	0.0186133525773837	バブルギャラクシー
2022106594	202406050801	2024/12/22	中山	晴	1.0	2歳未勝利	7.0	14	44.4	5.0	戸崎圭太	55.0	ダ1200	良	422(-4)	5	7	10	0.0149696332593192	トレヴィーテ
2022110128	202406050801	2024/12/22	中山	晴	1.0	2歳未勝利	8.0	15	1.8	1.0	ムーア	56.0	ダ1200	良	492(+6)	1	3	2	0.470917117357006	エコロヴァイス
2022103591	202406050801	2024/12/22	中山	晴	1.0	2歳未勝利	8.0	16	265.3	15.0	石田拓郎	52.0	ダ1200	良	394(+2)	16	16		0.005757943074737	アイカチャン
2022103493	202406050802	2024/12/22	中山	晴	2.0	2歳未勝利	1.0	1	6.7	4.0	横山和生	56.0	ダ1800	良	444(-2)	10	4	6	0.1062202538326191	ベールドインパクト
2022104251	202406050802	2024/12/22	中山	晴	2.0	2歳未勝利	1.0	2	370.7	16.0	原田和真	56.0	ダ1800	良	494(+14)	15	12	12	0.0053925376463116	ビリーヴアンドラン
2022104203	202406050802	2024/12/22	中山	晴	2.0	2歳未勝利	2.0	3	10.2	5.0	戸崎圭太	56.0	ダ1800	良	500(+10)	11	6		0.0813003763701265	グレーターバーチュ
2022102965	202406050802	2024/12/22	中山	晴	2.0	2歳未勝利	2.0	4	2.8	1.0	坂井瑠星	56.0	ダ1800	良	494(+2)	2	3	2	0.2268492539158322	ブレトワルダ
2022105252	202406050802	2024/12/22	中山	晴	2.0	2歳未勝利	3.0	5	59.3	10.0	鮫島克駿	56.0	ダ1800	良	462(+4)	12	12		0.0133630244073313	バトラーズワーフ
2022107074	202406050802	2024/12/22	中山	晴	2.0	2歳未勝利	3.0	6	70.9	11.0	野中悠太	56.0	ダ1800	良	506(+10)	6	11		0.0087228644094264	ロジアヴァンセ
2022100224	202406050802	2024/12/22	中山	晴	2.0	2歳未勝利	4.0	7	111.6	13.0	藤懸貴志	56.0	ダ1800	良	442(+16)	7	12		0.0076929835069613	スムースオペレター
2022100360	202406050802	2024/12/22	中山	晴	2.0	2歳未勝利	4.0	8	34.7	9.0	北村宏司	56.0	ダ1800	良	506(+4)	5	13		0.0203056709974923	シュヴァルノワール
2022102378	202406050802	2024/12/22	中山	晴	2.0	2歳未勝利	5.0	9	5.6	3.0	マーカン	56.0	ダ1800	良	500(-12)	9	9	3	0.1578522396675722	ファンタイムギフト
2022104613	202406050802	2024/12/22	中山	晴	2.0	2歳未勝利	5.0	10	17.8	7.0	横山武史	56.0	ダ1800	良	512(+12)	14	7		0.0400183820636162	レイデアスール
2022105340	202406050802	2024/12/22	中山	晴	2.0	2歳未勝利	6.0	11	25.8	8.0	石橋脩	56.0	ダ1800	良	478(+4)	16	5		0.0253588809737184	アルデヤーノ
2022104313	202406050802	2024/12/22	中山	晴	2.0	2歳未勝利	6.0	12	4.6	2.0	ムーア	56.0	ダ1800	良	510(+8)	1	3	3	0.1266840261857868	ドーバーブライト
2022104177	202406050802	2024/12/22	中山	晴	2.0	2歳未勝利	7.0	13	131.3	15.0	木幡巧也	56.0	ダ1800	良	516(+10)	3	11	9	0.0083352849830279	シュガーハイ
2022106465	202406050802	2024/12/22	中山	晴	2.0	2歳未勝利	7.0	14	123.1	14.0	柴田大知	56.0	ダ1800	良	478(+8)	4	9		0.0070563722189496	チンプンカンプン
2022105883	202406050802	2024/12/22	中山	晴	2.0	2歳未勝利	8.0	15	91.0	12.0	江田照男	56.0	ダ1800	良	510(0)	8	7	5	0.0090975638769525	リュウジンマル
2022101140	202406050802	2024/12/22	中山	晴	2.0	2歳未勝利	8.0	16	15.3	6.0	菅原明良	56.0	ダ1800	良	468(+12)	13	8		0.044369975457351	ガイ
2022103086	202406050803	2024/12/22	中山	晴	3.0	2歳未勝利	1.0	1	52.3	11.0	小林美駒	51.0	芝1200	良	430(-2)	11	5	7	0.0177469421860513	ソレイケギンチャン
2022102878	202406050803	2024/12/22	中山	晴	3.0	2歳未勝利	1.0	2	52.4	12.0	戸崎圭太	55.0	芝1200	良	448(+2)	6	3	5	0.0138640298622244	ナンナンプー
2022100620	202406050803	2024/12/22	中山	晴	3.0	2歳未勝利	2.0	3	7.4	4.0	横山和生	55.0	芝1200	良	430(-2)	2	3	4	0.1053667954717783	シルフレイ
2022100675	202406050803	2024/12/22	中山	晴	3.0	2歳未勝利	2.0	4	3.0	1.0	横山琉人	54.0	芝1200	良	424(-2)	16	2		0.2698376832261842	タケショウブラボー
2022100318	202406050803	2024/12/22	中山	晴	3.0	2歳未勝利	3.0	5	247.6	15.0	長浜鴻緒	52.0	芝1200	良	442(-2)	13	17	11	0.0081058416694032	ブルーフラット
2022101426	202406050803	2024/12/22	中山	晴	3.0	2歳未勝利	3.0	6	10.3	6.0	菅原明良	56.0	芝1200	良	506(+18)	3	11	10	0.180856295807301	ベルリネッタ
2022104316	202406050803	2024/12/22	中山	晴	3.0	2歳未勝利	4.0	7	5.6	3.0	三浦皇成	56.0	芝1200	良	436(+6)	9	2		0.1644578800429203	ユキノエミリオ
2022102173	202406050803	2024/12/22	中山	晴	3.0	2歳未勝利	4.0	8	42.7	9.0	横山武史	56.0	芝1200	良	450(+26)	7	6		0.0125385870110651	リケアエスプレッソ
2022106907	202406050803	2024/12/22	中山	晴	3.0	2歳未勝利	5.0	9	38.4	8.0	横山典弘	55.0	芝1200	良	406(0)	5	5	3	0.0151788672881988	ペタルブランシュ
2022102962	202406050803	2024/12/22	中山	晴	3.0	2歳未勝利	5.0	10	22.0	7.0	丸山元気	56.0	芝1200	良	524(+18)	8	8	6	0.0342912416463215	アンダーザライト
2022107300	202406050803	2024/12/22	中山	晴	3.0	2歳未勝利	6.0	11	49.2	10.0	木幡巧也	55.0	芝1200	良	422(-2)	10	12	2	0.0181026762454884	シンガソング
2022101571	202406050803	2024/12/22	中山	晴	3.0	2歳未勝利	6.0	12	246.4	14.0	石神深道	52.0	芝1200	良	440(+10)	14	7		0.0054212185839422	ハッピーダンシング
2022106307	202406050803	2024/12/22	中山	晴	3.0	2歳未勝利	7.0	13	194.6	13.0	津村明秀	55.0	芝1200	良	416(0)	12	14	5	0.005548974420427	カウニスミエリ
2022107204	202406050803	2024/12/22	中山	晴	3.0	2歳未勝利	7.0	14	416.2	16.0	佐藤翔馬	52.0	芝1200	良	440(+6)	15	10	10	0.0053925376463116	ニシノヘリオトロプ
2022106229	202406050803	2024/12/22	中山	晴	3.0	2歳未勝利	8.0	15	9.7	5.0	Ｃ．デム	55.0	芝1200	良	484(+6)	4	5	4	0.0602142695722036	ウインイザナミ
2022110038	202406050803	2024/12/22	中山	晴	3.0	2歳未勝利	8.0	16	4.1	2.0	マーカン	56.0	芝1200	良	482(+2)	1	5		0.1904692605130891	ミクストベリーズ
2022103320	202406050804	2024/12/22	中山	晴	4.0	2歳未勝利	1.0	1	173.5	10.0	嶋田純次	56.0	芝2000	良	460(+4)	10	6	8	0.0073555239343661	マジックスクロール
2022106773	202406050804	2024/12/22	中山	晴	4.0	2歳未勝利	1.0	2	239.2	12.0	丸山元気	56.0	芝2000	良	466(+10)	8	11	9	0.006101576512343	マイネルラファール
2022101073	202406050804	2024/12/22	中山	晴	4.0	2歳未勝利	2.0	3	375.5	18.0	長浜鴻緒	53.0	芝2000	良	474(0)	14	12		0.0053925376463116	ムチャスエルテ
2022101761	202406050804	2024/12/22	中山	晴	4.0	2歳未勝利	2.0	4	2.7	2.0	ムーア	56.0	芝2000	良	474(+4)	5	2	3	0.2729287427102595	ヘヴンウィンド
2022102252	202406050804	2024/12/22	中山	晴	4.0	2歳未勝利	3.0	5	282.3	14.0	木幡巧也	56.0	芝2000	良	450(+6)	17	9	13	0.0053925376463116	チャールズテソーロ
2022104725	202406050804	2024/12/22	中山	晴	4.0	2歳未勝利	3.0	6	175.3	11.0	横山和生	56.0	芝2000	良	522(+2)	2	12		0.0065556143130228	カーミングライツ
2022106770	202406050804	2024/12/22	中山	晴	4.0	2歳未勝利	4.0	7	21.2	6.0	マーカン	56.0	芝2000	良	432(-4)	15	5	5	0.0354063538033538	マイネルボス
2022102338	202406050804	2024/12/22	中山	晴	4.0	2歳未勝利	4.0	8	12.2	5.0	戸崎圭太	56.0	芝2000	良	488(0)	7	3	4	0.1104757528886358	コア
2022100384	202406050804	2024/12/22	中山	晴	4.0	2歳未勝利	5.0	9	98.0	8.0	幸英明	55.0	芝2000	良	450(-14)	9	9	6	0.0099553741080378	ジュラ
2022100069	202406050804	2024/12/22	中山	晴	4.0	2歳未勝利	5.0	10	265.0	13.0	鮫島克駿	56.0	芝2000	良	562(+6)	18	15		0.005548974420427	ナンヨービッグ
2022106804	202406050804	2024/12/22	中山	晴	4.0	2歳未勝利	6.0	11	355.9	16.0	柴田大知	56.0	芝2000	良	406(+2)	16	9		0.0056630135719765	マイネルライゼン
2022105751	202406050804	2024/12/22	中山	晴	4.0	2歳未勝利	6.0	12	24.2	7.0	Ｃ．デム	56.0	芝2000	良	450(0)	4	4	5	0.0339489404267327	イフルジャンス
2022100260	202406050804	2024/12/22	中山	晴	4.0	2歳未勝利	7.0	13	302.3	15.0	江田照男	56.0	芝2000	良	434(+2)	12	8		0.005548974420427	ルナティックアイ
2022106542	202406050804	2024/12/22	中山	晴	4.0	2歳未勝利	7.0	14	107.2	9.0	石川裕紀	55.0	芝2000	良	442(+2)	11	10		0.0093298261912697	ノーブルノワール
2022106761	202406050804	2024/12/22	中山	晴	4.0	2歳未勝利	7.0	15	6.8	3.0	横山武史	55.0	芝2000	良	456(0)	3	4		0.1424831149927275	ウアーシュプルング
2022100019	202406050804	2024/12/22	中山	晴	4.0	2歳未勝利	8.0	16	8.7	4.0	坂井瑠星	55.0	芝2000	良	454(-2)	6	2	6	0.0646765978897278	マカナ
2022104931	202406050804	2024/12/22	中山	晴	4.0	2歳未勝利	8.0	17	362.4	17.0	丸田恭介	55.0	芝2000	良	466(-4)	13	11	5	0.0053925376463116	アエル
2022105063	202406050804	2024/12/22	中山	晴	4.0	2歳未勝利	8.0	18	2.4	1.0	川田将雅	55.0	芝2000	良	422(-8)	1	2		0.2644310265847994	ロジャリーマイン
2022103246	202406050805	2024/12/22	中山	晴	5.0	2歳新馬	1.0	1	29.4	7.0	津村明秀	55.0	ダ1200	良	464(0)	11			0.0214453889342325	アイドルフェスタ
2022102607	202406050805	2024/12/22	中山	晴	5.0	2歳新馬	2.0	3	227.5	15.0	佐藤翔馬	52.0	ダ1200	良	430(0)	12			0.0058687254140974	ジーティーウララ
2022104948	202406050805	2024/12/22	中山	晴	5.0	2歳新馬	2.0	4	15.5	5.0	長浜鴻緒	52.0	ダ1200	良	480(0)	7			0.0475238610725156	マイベストダンサー
2022101188	202406050805	2024/12/22	中山	晴	5.0	2歳新馬	3.0	5	19.1	6.0	木幡育也	56.0	ダ1200	良	502(0)	5			0.0386572833016082	アラスカフレイバー
2022102834	202406050805	2024/12/22	中山	晴	5.0	2歳新馬	3.0	6	76.5	11.0	丸田恭介	55.0	ダ1200	良	494(0)	3			0.0106845320072978	キャラメリー
2022106122	202406050805	2024/12/22	中山	晴	5.0	2歳新馬	4.0	7	59.1	10.0	内田博幸	55.0	ダ1200	良	440(0)	13			0.0158183992651609	タルトポワール
2022107072	202406050805	2024/12/22	中山	晴	5.0	2歳新馬	4.0	8	12.9	3.0	横山和生	55.0	ダ1200	良	476(0)	14			0.0810625285739368	グレーデール
2022109021	202406050805	2024/12/22	中山	晴	5.0	2歳新馬	5.0	9	195.8	14.0	丸山元気	55.0	ダ1200	良	408(0)	15			0.0058687254140974	アラワレワタル
2022102315	202406050805	2024/12/22	中山	晴	5.0	2歳新馬	5.0	10	1.5	1.0	ルメール	55.0	ダ1200	良	482(0)	1			0.4732577511895946	シュヴァルボヌール
2022100157	202406050805	2024/12/22	中山	晴	5.0	2歳新馬	6.0	11	47.1	9.0	小林脩斗	53.0	ダ1200	良	440(0)	10			0.017686847180792	アジアート
2022101075	202406050805	2024/12/22	中山	晴	5.0	2歳新馬	6.0	12	98.3	12.0	松岡正海	55.0	ダ1200	良	444(0)	4			0.0103142110178399	ラヴィーズドリーム
2022103566	202406050805	2024/12/22	中山	晴	5.0	2歳新馬	7.0	13	32.2	8.0	戸崎圭太	56.0	ダ1200	良	452(0)	9			0.0208457859193554	フィアマドラータ
2022101289	202406050805	2024/12/22	中山	晴	5.0	2歳新馬	7.0	14	168.2	13.0	武藤雅	55.0	ダ1200	良	426(0)	8			0.0072587416161801	マリノライヤ
2022100378	202406050805	2024/12/22	中山	晴	5.0	2歳新馬	8.0	15	5.6	2.0	小林美駒	51.0	ダ1200	良	418(0)	6			0.1526710697731337	ネバーランドリーム
2022101484	202406050805	2024/12/22	中山	晴	5.0	2歳新馬	8.0	16	13.7	4.0	横山武史	56.0	ダ1200	良	462(0)	2			0.0718211516337798	ダノンメナージュ
2022101259	202406050806	2024/12/22	中山	晴	6.0	2歳新馬	1.0	1	23.7	6.0	戸崎圭太	55.0	芝1600	良	424(0)	2			0.0386093175853158	ショウナンマリーナ
2022106213	202406050806	2024/12/22	中山	晴	6.0	2歳新馬	2.0	2	5.8	3.0	三浦皇成	55.0	芝1600	良	444(0)	3			0.1308389870099589	ウインキララ
2022102452	202406050806	2024/12/22	中山	晴	6.0	2歳新馬	2.0	3	206.8	13.0	野中悠太	56.0	芝1600	良	472(0)	12			0.0058687254140974	ココリハクタク
2022100628	202406050806	2024/12/22	中山	晴	6.0	2歳新馬	3.0	4	51.2	8.0	横山武史	55.0	芝1600	良	430(0)	8			0.017686847180792	ロイヤルキャピタル
2022107182	202406050806	2024/12/22	中山	晴	6.0	2歳新馬	3.0	5	2.1	1.0	ムーア	56.0	芝1600	良	502(0)	1			0.3246062725678465	ディオデルマーレ
2022101030	202406050806	2024/12/22	中山	晴	6.0	2歳新馬	4.0	6	226.5	15.0	黛弘人	55.0	芝1600	良	444(0)	14			0.0058687254140974	ウーレンハウト
2022102480	202406050806	2024/12/22	中山	晴	6.0	2歳新馬	4.0	7	128.6	12.0	原田和真	56.0	芝1600	良	472(0)	11			0.0080876315562518	マサユメ
2022104092	202406050806	2024/12/22	中山	晴	6.0	2歳新馬	5.0	8	7.4	4.0	マーカン	56.0	芝1600	良	476(0)	5			0.1065600916269631	サクラアドリア
2022103018	202406050806	2024/12/22	中山	晴	6.0	2歳新馬	5.0	9	213.8	14.0	丸田恭介	55.0	芝1600	良	454(0)	10			0.0058687254140974	シェーンルスカ
2022103206	202406050806	2024/12/22	中山	晴	6.0	2歳新馬	6.0	10	40.6	7.0	石川裕紀	55.0	芝1600	良	450(0)	4			0.0181972759246869	フューチャーファン
2022105537	202406050806	2024/12/22	中山	晴	6.0	2歳新馬	6.0	11	101.9	10.0	吉田豊	56.0	芝1600	良	448(0)	15			0.0108877105084771	ポッドソル
2022100462	202406050806	2024/12/22	中山	晴	6.0	2歳新馬	7.0	12	22.9	5.0	菅原明良	56.0	芝1600	良	466(0)	9			0.0386093175853158	バットスティンガー
2022103871	202406050806	2024/12/22	中山	晴	6.0	2歳新馬	7.0	13	118.1	11.0	木幡巧也	56.0	芝1600	良	448(0)	13			0.0093149451163684	ワカギミ
2022104911	202406050806	2024/12/22	中山	晴	6.0	2歳新馬	8.0	14	3.3	2.0	ルメール	55.0	芝1600	良	396(0)	7			0.2164365111026555	レガーロカリーノ
2022103577	202406050806	2024/12/22	中山	晴	6.0	2歳新馬	8.0	15	51.7	9.0	横山琉人	55.0	芝1600	良	474(0)	6			0.0182814944976892	リッキースタイル
2021106583	202406050807	2024/12/22	中山	晴	7.0	3歳以上1勝クラス	1.0	1	163.0	12.0	松岡正海	57.0	ダ1800	良	476(+12)	16	8	7	0.0074008532743724	ユイノコキュウ
2018101497	202406050807	2024/12/22	中山	晴	7.0	3歳以上1勝クラス	1.0	2	176.1	13.0	ドイル	56.0	ダ1800	良	488(0)	8	11	6	0.0059318936408302	デリシュレーヌ
2021103017	202406050807	2024/12/22	中山	晴	7.0	3歳以上1勝クラス	2.0	3	135.1	11.0	原田和真	57.0	ダ1800	良	500(+16)	6	6	4	0.0073302649060764	オウケンシルヴァー
2021104314	202406050807	2024/12/22	中山	晴	7.0	3歳以上1勝クラス	2.0	4	3.4	1.0	川田将雅	57.0	ダ1800	良	486(-6)	7	3	2	0.1753301356819323	ダンツティアラ
2021106845	202406050807	2024/12/22	中山	晴	7.0	3歳以上1勝クラス	3.0	5	51.6	8.0	石神深道	54.0	ダ1800	良	488(+12)	5	4	10	0.027225540248244	ザロック
2021104762	202406050807	2024/12/22	中山	晴	7.0	3歳以上1勝クラス	3.0	6	4.3	3.0	ルメール	57.0	ダ1800	良	456(-12)	9	1	2	0.1888065602706475	レッドアレグロ
2021105575	202406050807	2024/12/22	中山	晴	7.0	3歳以上1勝クラス	4.0	7	23.2	6.0	マーカン	57.0	ダ1800	良	484(+8)	14	4	6	0.0462348493010023	セイロンジェムズ
2021105182	202406050807	2024/12/22	中山	晴	7.0	3歳以上1勝クラス	4.0	8	4.2	2.0	Ｃ．デム	57.0	ダ1800	良	512(+4)	1	2	3	0.3087765498445652	ドバイブルース
2021104754	202406050807	2024/12/22	中山	晴	7.0	3歳以上1勝クラス	5.0	9	99.2	10.0	丸田恭介	55.0	ダ1800	良	516(+4)	4	4	15	0.0096801571755569	ベルフィーヌ
2021100329	202406050807	2024/12/22	中山	晴	7.0	3歳以上1勝クラス	5.0	10	5.3	4.0	横山和生	57.0	ダ1800	良	510(+6)	3	3	10	0.1450316664439177	プルナチャンドラ
2021101928	202406050807	2024/12/22	中山	晴	7.0	3歳以上1勝クラス	6.0	11	6.1	5.0	ムーア	57.0	ダ1800	良	468(0)	2	2	2	0.1234220876213693	チザルピーノ
2019101403	202406050807	2024/12/22	中山	晴	7.0	3歳以上1勝クラス	6.0	12	350.7	16.0	横山琉人	55.0	ダ1800	良	468(+12)	11	15	1	0.0057066067800237	プラチナジェット
2020105510	202406050807	2024/12/22	中山	晴	7.0	3歳以上1勝クラス	7.0	13	345.3	15.0	木幡巧也	58.0	ダ1800	良	478(+6)	15	9	11	0.005548974420427	インオービット
2021101201	202406050807	2024/12/22	中山	晴	7.0	3歳以上1勝クラス	7.0	14	41.5	7.0	横山武史	57.0	ダ1800	良	486(+14)	10	9	5	0.0156703521440847	ロードインフェルノ
2019106972	202406050807	2024/12/22	中山	晴	7.0	3歳以上1勝クラス	8.0	15	299.2	14.0	佐藤翔馬	55.0	ダ1800	良	454(+8)	12	5	6	0.0053925376463116	ロストボール
2021105890	202406050807	2024/12/22	中山	晴	7.0	3歳以上1勝クラス	8.0	16	53.4	9.0	菅原明良	57.0	ダ1800	良	500(+6)	13	16	1	0.0174148309610127	ロクシアス
2019104952	202406050808	2024/12/22	中山	晴	8.0	冬至特別(2勝クラス)	1.0	1	53.1	8.0	武藤雅	56.0	ダ1200	良	450(+16)	7	10	3	0.0222644134813868	ロープスピニング
2020103575	202406050808	2024/12/22	中山	晴	8.0	冬至特別(2勝クラス)	1.0	2	99.0	11.0	北村宏司	58.0	ダ1200	良	508(+12)	14	15	8	0.010245201748483	シュバルツガイスト
2021101121	202406050808	2024/12/22	中山	晴	8.0	冬至特別(2勝クラス)	2.0	3	4.0	2.0	松山弘平	55.0	ダ1200	良	472(+6)	16	1	2	0.1741899711591628	ミライテーラー
2021100161	202406050808	2024/12/22	中山	晴	8.0	冬至特別(2勝クラス)	2.0	4	27.7	7.0	マーカン	57.0	ダ1200	良	462(+10)	1	10	11	0.0284506808205012	ロードフロンティア
2021106307	202406050808	2024/12/22	中山	晴	8.0	冬至特別(2勝クラス)	3.0	5	13.2	6.0	津村明秀	57.0	ダ1200	良	488(+8)	5	13	1	0.050590144329372	モリノセピア
2019105064	202406050808	2024/12/22	中山	晴	8.0	冬至特別(2勝クラス)	3.0	6	145.7	14.0	ドイル	56.0	ダ1200	良	440(-10)	10	10	6	0.0069242976302816	ファミリークレスト
2021105965	202406050808	2024/12/22	中山	晴	8.0	冬至特別(2勝クラス)	4.0	7	6.3	5.0	戸崎圭太	57.0	ダ1200	良	528(+8)	6	1	5	0.1247108845898112	ダノンマカルー
2020102562	202406050808	2024/12/22	中山	晴	8.0	冬至特別(2勝クラス)	4.0	8	141.7	13.0	丸田恭介	56.0	ダ1200	良	454(+2)	13	11	15	0.0071069026819077	レディアス
2019100593	202406050808	2024/12/22	中山	晴	8.0	冬至特別(2勝クラス)	5.0	9	328.9	16.0	菊沢一樹	56.0	ダ1200	良	478(+6)	15	7	12	0.0134711133519583	フラッシュアーク
2019100937	202406050808	2024/12/22	中山	晴	8.0	冬至特別(2勝クラス)	5.0	10	75.2	10.0	池添謙一	58.0	ダ1200	良	462(+10)	4	6	1	0.0092503133121071	ニシノコニャック
2020101567	202406050808	2024/12/22	中山	晴	8.0	冬至特別(2勝クラス)	6.0	11	5.7	4.0	ムーア	58.0	ダ1200	良	536(+10)	12	11	9	0.1605221012834974	サトノガレオン
2019106704	202406050808	2024/12/22	中山	晴	8.0	冬至特別(2勝クラス)	6.0	12	3.4	1.0	ルメール	56.0	ダ1200	良	500(-8)	9	4	2	0.1557193165921749	カンザシ
2019103815	202406050808	2024/12/22	中山	晴	8.0	冬至特別(2勝クラス)	7.0	13	194.7	15.0	内田博幸	56.0	ダ1200	良	462(+2)	11	11	12	0.0058235557366549	スマイルアップ
2019100871	202406050808	2024/12/22	中山	晴	8.0	冬至特別(2勝クラス)	7.0	14	54.7	9.0	荻野琢真	58.0	ダ1200	良	500(0)	8	3	9	0.0128011628952279	ブルーノート
2021100338	202406050808	2024/12/22	中山	晴	8.0	冬至特別(2勝クラス)	8.0	15	104.0	12.0	石橋脩	55.0	ダ1200	良	426(-10)	2	11	13	0.0086677568081067	テセラリアン
2020100363	202406050808	2024/12/22	中山	晴	8.0	冬至特別(2勝クラス)	8.0	16	5.7	3.0	横山和生	58.0	ダ1200	良	530(+8)	3	3	3	0.153291850619426	キョウエイカンフ
2019102496	202406050809	2024/12/22	中山	晴	9.0	グッドラックH(2勝クラス)	1.0	1	73.6	13.0	藤懸貴志	55.0	芝2500	良	470(+2)	16	7	5	0.0092518499453845	スズノマーベリック
2021103557	202406050809	2024/12/22	中山	晴	9.0	グッドラックH(2勝クラス)	1.0	2	10.9	5.0	菅原明良	55.0	芝2500	良	520(-2)	11	2	1	0.0784779046139957	グランアルティスタ
2021105499	202406050809	2024/12/22	中山	晴	9.0	グッドラックH(2勝クラス)	2.0	3	6.9	4.0	松山弘平	55.0	芝2500	良	448(+2)	3	3	1	0.1217663313289745	アバンデル
2016102767	202406050809	2024/12/22	中山	晴	9.0	グッドラックH(2勝クラス)	2.0	4	54.9	11.0	幸英明	56.0	芝2500	良	474(+2)	10	3	4	0.0138450260612114	プレイリードリーム
2021105104	202406050809	2024/12/22	中山	晴	9.0	グッドラックH(2勝クラス)	3.0	5	6.6	3.0	坂井瑠星	55.0	芝2500	良	516(+4)	2	6	4	0.1460684708056188	サンライズソレイユ
2020106677	202406050809	2024/12/22	中山	晴	9.0	グッドラックH(2勝クラス)	3.0	6	14.2	6.0	マーカン	55.0	芝2500	良	456(+10)	5	1	3	0.0611071977595686	スピーディブレイク
2020103321	202406050809	2024/12/22	中山	晴	9.0	グッドラックH(2勝クラス)	4.0	7	18.5	7.0	Ｃ．デム	54.0	芝2500	良	510(+10)	13	13	11	0.0548783407829211	カナオールウェイズ
2019100212	202406050809	2024/12/22	中山	晴	9.0	グッドラックH(2勝クラス)	4.0	8	30.5	8.0	ドイル	56.0	芝2500	良	460(+10)	7	2	6	0.0204101028794995	ウインマイルート
2016102550	202406050809	2024/12/22	中山	晴	9.0	グッドラックH(2勝クラス)	5.0	9	92.9	15.0	津村明秀	54.0	芝2500	良	486(-6)	14	6	2	0.0075269834149935	シュブリーム
2020103205	202406050809	2024/12/22	中山	晴	9.0	グッドラックH(2勝クラス)	5.0	10	50.9	10.0	横山武史	55.0	芝2500	良	550(+10)	8	3	5	0.016388804762769	フロムナウオン
2018105047	202406050809	2024/12/22	中山	晴	9.0	グッドラックH(2勝クラス)	6.0	11	68.0	12.0	横山和生	56.0	芝2500	良	468(-4)	15	7	6	0.0099340728937594	ホウオウサンデー
2020101548	202406050809	2024/12/22	中山	晴	9.0	グッドラックH(2勝クラス)	6.0	12	5.0	2.0	川田将雅	57.0	芝2500	良	478(+4)	6	2	4	0.1754270155631825	アイザックバローズ
2020102976	202406050809	2024/12/22	中山	晴	9.0	グッドラックH(2勝クラス)	7.0	13	47.7	9.0	石橋脩	56.0	芝2500	良	506(-2)	9	4	10	0.0162802758285564	ノーブルクライ
2021104751	202406050809	2024/12/22	中山	晴	9.0	グッドラックH(2勝クラス)	7.0	14	124.6	16.0	戸崎圭太	54.0	芝2500	良	528(+8)	12	16	9	0.0160305656458658	オリエンタルナイト
2021103033	202406050809	2024/12/22	中山	晴	9.0	グッドラックH(2勝クラス)	8.0	15	82.5	14.0	北村宏司	54.0	芝2500	良	452(+8)	4	1	6	0.0083873076836522	ハイラント
2021105829	202406050809	2024/12/22	中山	晴	9.0	グッドラックH(2勝クラス)	8.0	16	2.5	1.0	ルメール	56.0	芝2500	良	470(+2)	1	5	1	0.2826856451408912	スティンガーグラス
2020106415	202406050810	2024/12/22	中山	晴	10.0	オルフェーヴルC(2勝クラス)	1.0	1	50.7	11.0	杉原誠人	58.0	芝1600	良	486(0)	13	11	5	0.0165882044170236	ロゼル
2021103799	202406050810	2024/12/22	中山	晴	10.0	オルフェーヴルC(2勝クラス)	1.0	2	11.9	5.0	松山弘平	57.0	芝1600	良	468(-8)	8	3	8	0.0767692591988876	ケイケイ
2020105185	202406050810	2024/12/22	中山	晴	10.0	オルフェーヴルC(2勝クラス)	2.0	3	13.6	7.0	ドイル	56.0	芝1600	良	456(0)	2	10	11	0.0712830158214222	ウインレイアー
2020102535	202406050810	2024/12/22	中山	晴	10.0	オルフェーヴルC(2勝クラス)	2.0	4	132.6	15.0	菊沢一樹	58.0	芝1600	良	454(0)	12	8	8	0.0067870895843893	トーセントラム
2019104868	202406050810	2024/12/22	中山	晴	10.0	オルフェーヴルC(2勝クラス)	3.0	5	59.5	12.0	石田拓郎	56.0	芝1600	良	458(0)	15	6	4	0.0149994836947715	ブルトンクール
2020103701	202406050810	2024/12/22	中山	晴	10.0	オルフェーヴルC(2勝クラス)	3.0	6	75.4	13.0	大野拓弥	56.0	芝1600	良	470(+8)	16	13	1	0.0083913075725375	ルージュイストリア
2021105540	202406050810	2024/12/22	中山	晴	10.0	オルフェーヴルC(2勝クラス)	4.0	7	6.5	2.0	Ｃ．デム	55.0	芝1600	良	444(-6)	7	4	13	0.1424361701792336	サロニコス
2021104326	202406050810	2024/12/22	中山	晴	10.0	オルフェーヴルC(2勝クラス)	4.0	8	6.6	3.0	石橋脩	57.0	芝1600	良	456(+10)	5	11	3	0.0940605580031476	ユキノロイヤル
2021102106	202406050810	2024/12/22	中山	晴	10.0	オルフェーヴルC(2勝クラス)	5.0	9	7.1	4.0	丸山元気	57.0	芝1600	良	476(+2)	3	1	2	0.1339220273496225	ツルマウカタチ
2021100935	202406050810	2024/12/22	中山	晴	10.0	オルフェーヴルC(2勝クラス)	5.0	10	23.0	9.0	菅原明良	57.0	芝1600	良	516(0)	4	5	17	0.088727009197572	ララマセラシオン
2017110086	202406050810	2024/12/22	中山	晴	10.0	オルフェーヴルC(2勝クラス)	6.0	11	330.7	16.0	黛弘人	58.0	芝1600	良	480(+10)	14	12	8	0.0053925376463116	ジッピーレーサー
2020105203	202406050810	2024/12/22	中山	晴	10.0	オルフェーヴルC(2勝クラス)	6.0	12	16.4	8.0	マーカン	56.0	芝1600	良	470(+6)	11.0	4.0	8.0	0.0357495655359	ウインアイオライト
2020103696	202406050810	2024/12/22	中山	晴	10.0	オルフェーヴルC(2勝クラス)	7.0	13	12.8	6.0	戸崎圭太	56.0	芝1600	良	456(-16)	9	9	2	0.0536116152686004	ラレーヌデリス
2021105121	202406050810	2024/12/22	中山	晴	10.0	オルフェーヴルC(2勝クラス)	7.0	14	3.1	1.0	横山武史	55.0	芝1600	良	440(-2)	1	5	1	0.2371520483634598	ピックアチェリー
2020101808	202406050810	2024/12/22	中山	晴	10.0	オルフェーヴルC(2勝クラス)	8.0	15	40.0	10.0	横山典弘	58.0	芝1600	良	492(-2)	6	4	7	0.0166942061929403	ハワイアンタイム
2019105063	202406050810	2024/12/22	中山	晴	10.0	オルフェーヴルC(2勝クラス)	8.0	16	126.1	14.0	野中悠太	56.0	芝1600	良	500(+4)	10	9	10	0.0067694017518756	アーレンダール
2021105143	202406050811	2024/12/22	中山	晴	11.0	有馬記念(GI)	1.0	1	4.0	2.0	横山典弘	56.0	芝2500	良	520(-2)	3	6	1	0.1798462990377886	ダノンデサイル
2021105436	202406050811	2024/12/22	中山	晴	11.0	有馬記念(GI)	2.0	3	2.8	1.0	ルメール	56.0	芝2500	良	516(+6)	6	1	1	0.2045110170592747	アーバンシック
2019105748	202406050811	2024/12/22	中山	晴	11.0	有馬記念(GI)	2.0	4	35.1	11.0	菅原明良	58.0	芝2500	良	432(+2)	12	12	11	0.0164343081662107	ブローザホーン
2020102781	202406050811	2024/12/22	中山	晴	11.0	有馬記念(GI)	3.0	5	7.1	3.0	横山和生	58.0	芝2500	良	512(-2)	4	6	3	0.1157984306075697	ベラジオオペラ
2019105552	202406050811	2024/12/22	中山	晴	11.0	有馬記念(GI)	3.0	6	17.2	7.0	マーカン	58.0	芝2500	良	506(0)	7	2	10	0.0354657153484598	ローシャムパーク
2019104740	202406050811	2024/12/22	中山	晴	11.0	有馬記念(GI)	4.0	7	17.6	8.0	川田将雅	56.0	芝2500	良	498(-2)	14	7	8	0.0332529643428787	スターズオンアース
2021105898	202406050811	2024/12/22	中山	晴	11.0	有馬記念(GI)	4.0	8	10.9	5.0	戸崎圭太	54.0	芝2500	良	468(-4)	1	5	5	0.0772002194206734	レガレイラ
2017102170	202406050811	2024/12/22	中山	晴	11.0	有馬記念(GI)	5.0	9	49.7	12.0	幸英明	58.0	芝2500	良	502(-14)	13	2	7	0.0156840455415004	ディープボンド
2018104541	202406050811	2024/12/22	中山	晴	11.0	有馬記念(GI)	5.0	10	16.4	6.0	三浦皇成	58.0	芝2500	良	474(0)	11	2	4	0.0429343302760425	プログノーシス
2019105346	202406050811	2024/12/22	中山	晴	11.0	有馬記念(GI)	6.0	11	10.9	4.0	坂井瑠星	58.0	芝2500	良	468(0)	5	5	4	0.0521995450681637	ジャスティンパレス
2019104447	202406050811	2024/12/22	中山	晴	11.0	有馬記念(GI)	6.0	12	108.1	14.0	鮫島克駿	58.0	芝2500	良	478(0)	10	10	11	0.0081955899808751	シュトルーヴェ
2019105565	202406050811	2024/12/22	中山	晴	11.0	有馬記念(GI)	7.0	13	27.1	9.0	ムーア	56.0	芝2500	良	496(-2)	8	1	6	0.0212317268106012	スタニングローズ
2019105195	202406050811	2024/12/22	中山	晴	11.0	有馬記念(GI)	7.0	14	122.4	15.0	松山弘平	58.0	芝2500	良	496(+4)	9	9	14	0.0080769491563693	ダノンベルーガ
2016104624	202406050811	2024/12/22	中山	晴	11.0	有馬記念(GI)	8.0	15	57.1	13.0	吉田豊	58.0	芝2500	良	492(+12)	15	1	3	0.012906275002855	ハヤヤッコ
2018105165	202406050811	2024/12/22	中山	晴	11.0	有馬記念(GI)	8.0	16	30.1	10.0	Ｃ．デム	58.0	芝2500	良	458(0)	2	3	5	0.0193389993490305	シャフリヤール
2019102521	202406050812	2024/12/22	中山	晴	12.0	フェアウェルS(3勝クラス)	1.0	1	63.6	10.0	幸英明	58.0	ダ1200	良	522(+2)	13	14	16	0.0168307781036077	スマートラプター
2019105058	202406050812	2024/12/22	中山	晴	12.0	フェアウェルS(3勝クラス)	1.0	2	12.4	4.0	菅原明良	58.0	ダ1200	良	566(-2)	3	11	1	0.074902236840414	ミユキアイラブユー
2019103562	202406050812	2024/12/22	中山	晴	12.0	フェアウェルS(3勝クラス)	2.0	3	65.5	12.0	石橋脩	58.0	ダ1200	良	490(+4)	14	9	15	0.0108524404833857	ダテボレアス
2019102753	202406050812	2024/12/22	中山	晴	12.0	フェアウェルS(3勝クラス)	2.0	4	116.7	14.0	池添謙一	56.0	ダ1200	良	494(-10)	15	12	4	0.0072515207534465	カフジエニアゴン
2019101185	202406050812	2024/12/22	中山	晴	12.0	フェアウェルS(3勝クラス)	3.0	5	20.8	6.0	マーカン	58.0	ダ1200	良	500(0)	5	1	4	0.0348172259046438	サザンステート
2018106560	202406050812	2024/12/22	中山	晴	12.0	フェアウェルS(3勝クラス)	3.0	6	65.2	11.0	内田博幸	58.0	ダ1200	良	502(0)	8	15	7	0.0121858449691244	メイショウヒューマ
2019105032	202406050812	2024/12/22	中山	晴	12.0	フェアウェルS(3勝クラス)	4.0	7	76.8	13.0	鮫島克駿	58.0	ダ1200	良	522(+4)	9	15	15	0.0081327368250566	ホウオウフウジン
2020104228	202406050812	2024/12/22	中山	晴	12.0	フェアウェルS(3勝クラス)	4.0	8	4.3	2.0	ムーア	58.0	ダ1200	良	538(+2)	1	3	8	0.1747664389787708	ケイアイアニラ
2020102238	202406050812	2024/12/22	中山	晴	12.0	フェアウェルS(3勝クラス)	5.0	9	226.7	16.0	藤懸貴志	58.0	ダ1200	良	480(+12)	16	14	11	0.0053680835665727	スタードラマー
2020110136	202406050812	2024/12/22	中山	晴	12.0	フェアウェルS(3勝クラス)	5.0	10	8.3	3.0	松山弘平	58.0	ダ1200	良	484(+6)	6	15	1	0.106104872414389	エコロアレス
2019104561	202406050812	2024/12/22	中山	晴	12.0	フェアウェルS(3勝クラス)	6.0	11	21.0	7.0	戸崎圭太	58.0	ダ1200	良	570(+18)	7	1	6	0.0435217155378333	ダルダヌス
2021101535	202406050812	2024/12/22	中山	晴	12.0	フェアウェルS(3勝クラス)	6.0	12	17.5	5.0	三浦皇成	55.0	ダ1200	良	484(+2)	11	1	5	0.0515923003551402	ヨーカイディスコ
2021101737	202406050812	2024/12/22	中山	晴	12.0	フェアウェルS(3勝クラス)	7.0	13	46.6	9.0	大野拓弥	57.0	ダ1200	良	502(+4)	2	13	13	0.0357801023507814	エンヤラヴフェイス
2020105250	202406050812	2024/12/22	中山	晴	12.0	フェアウェルS(3勝クラス)	7.0	14	140.6	15.0	ドイル	58.0	ダ1200	良	478(+12)	4	16	12	0.0109380586946375	ビルカール
2021110136	202406050812	2024/12/22	中山	晴	12.0	フェアウェルS(3勝クラス)	8.0	15	1.8	1.0	坂井瑠星	57.0	ダ1200	良	494(+8)	12	1	1	0.3995363050849629	アメリカンマーチ
2018103641	202406050812	2024/12/22	中山	晴	12.0	フェアウェルS(3勝クラス)	8.0	16	31.3	8.0	丸田恭介	58.0	ダ1200	良	504(0)	10	6	12	0.0184555659045537	ロードオブザチェコ
